{"text": " schmuck you are a full-on fucking schmuck", "segments": [{"id": 0, "seek": 0, "start": 0.0, "end": 7.0, "text": " schmuck you are a full-on fucking schmuck", "tokens": [50364, 956, 76, 1134, 291, 366, 257, 1577, 12, 266, 5546, 956, 76, 1134, 50714], "temperature": 0.0, "avg_logprob": -0.5410416126251221, "compression_ratio": 0.9534883720930233, "no_speech_prob": 0.38098686933517456}], "language": "en"}